{
  "hash": "88a1deaa",
  "configHash": "c0a271c6",
  "lockfileHash": "5ace1f25",
  "browserHash": "566b75af",
  "optimized": {
    "@angular/common": {
      "src": "../../../../../node_modules/@angular/common/fesm2022/common.mjs",
      "file": "@angular_common.js",
      "fileHash": "0ce56fac",
      "needsInterop": false
    },
    "@angular/common/http": {
      "src": "../../../../../node_modules/@angular/common/fesm2022/http.mjs",
      "file": "@angular_common_http.js",
      "fileHash": "27103fba",
      "needsInterop": false
    },
    "@angular/core": {
      "src": "../../../../../node_modules/@angular/core/fesm2022/core.mjs",
      "file": "@angular_core.js",
      "fileHash": "39dcfe7a",
      "needsInterop": false
    },
    "@angular/forms": {
      "src": "../../../../../node_modules/@angular/forms/fesm2022/forms.mjs",
      "file": "@angular_forms.js",
      "fileHash": "36c398cf",
      "needsInterop": false
    },
    "@angular/material/button": {
      "src": "../../../../../node_modules/@angular/material/fesm2022/button.mjs",
      "file": "@angular_material_button.js",
      "fileHash": "96eaf10e",
      "needsInterop": false
    },
    "@angular/material/button-toggle": {
      "src": "../../../../../node_modules/@angular/material/fesm2022/button-toggle.mjs",
      "file": "@angular_material_button-toggle.js",
      "fileHash": "eb77a041",
      "needsInterop": false
    },
    "@angular/material/card": {
      "src": "../../../../../node_modules/@angular/material/fesm2022/card.mjs",
      "file": "@angular_material_card.js",
      "fileHash": "4500fc7f",
      "needsInterop": false
    },
    "@angular/material/core": {
      "src": "../../../../../node_modules/@angular/material/fesm2022/core.mjs",
      "file": "@angular_material_core.js",
      "fileHash": "aab65c12",
      "needsInterop": false
    },
    "@angular/material/dialog": {
      "src": "../../../../../node_modules/@angular/material/fesm2022/dialog.mjs",
      "file": "@angular_material_dialog.js",
      "fileHash": "0b9ec362",
      "needsInterop": false
    },
    "@angular/material/form-field": {
      "src": "../../../../../node_modules/@angular/material/fesm2022/form-field.mjs",
      "file": "@angular_material_form-field.js",
      "fileHash": "d32d41a5",
      "needsInterop": false
    },
    "@angular/material/icon": {
      "src": "../../../../../node_modules/@angular/material/fesm2022/icon.mjs",
      "file": "@angular_material_icon.js",
      "fileHash": "08b8fb93",
      "needsInterop": false
    },
    "@angular/material/input": {
      "src": "../../../../../node_modules/@angular/material/fesm2022/input.mjs",
      "file": "@angular_material_input.js",
      "fileHash": "09831f70",
      "needsInterop": false
    },
    "@angular/material/select": {
      "src": "../../../../../node_modules/@angular/material/fesm2022/select.mjs",
      "file": "@angular_material_select.js",
      "fileHash": "284cb992",
      "needsInterop": false
    },
    "@angular/material/snack-bar": {
      "src": "../../../../../node_modules/@angular/material/fesm2022/snack-bar.mjs",
      "file": "@angular_material_snack-bar.js",
      "fileHash": "3873f73e",
      "needsInterop": false
    },
    "@angular/material/toolbar": {
      "src": "../../../../../node_modules/@angular/material/fesm2022/toolbar.mjs",
      "file": "@angular_material_toolbar.js",
      "fileHash": "a4447719",
      "needsInterop": false
    },
    "@angular/platform-browser": {
      "src": "../../../../../node_modules/@angular/platform-browser/fesm2022/platform-browser.mjs",
      "file": "@angular_platform-browser.js",
      "fileHash": "e13f3a67",
      "needsInterop": false
    },
    "@angular/platform-browser/animations": {
      "src": "../../../../../node_modules/@angular/platform-browser/fesm2022/animations.mjs",
      "file": "@angular_platform-browser_animations.js",
      "fileHash": "24957c5e",
      "needsInterop": false
    },
    "@angular/router": {
      "src": "../../../../../node_modules/@angular/router/fesm2022/router.mjs",
      "file": "@angular_router.js",
      "fileHash": "8f07f419",
      "needsInterop": false
    },
    "@ngrx/effects": {
      "src": "../../../../../node_modules/@ngrx/effects/fesm2022/ngrx-effects.mjs",
      "file": "@ngrx_effects.js",
      "fileHash": "99897c70",
      "needsInterop": false
    },
    "@ngrx/store": {
      "src": "../../../../../node_modules/@ngrx/store/fesm2022/ngrx-store.mjs",
      "file": "@ngrx_store.js",
      "fileHash": "9a86ed8a",
      "needsInterop": false
    },
    "@ngrx/store-devtools": {
      "src": "../../../../../node_modules/@ngrx/store-devtools/fesm2022/ngrx-store-devtools.mjs",
      "file": "@ngrx_store-devtools.js",
      "fileHash": "6efffc8d",
      "needsInterop": false
    },
    "rxjs": {
      "src": "../../../../../node_modules/rxjs/dist/esm5/index.js",
      "file": "rxjs.js",
      "fileHash": "c1364753",
      "needsInterop": false
    },
    "rxjs/operators": {
      "src": "../../../../../node_modules/rxjs/dist/esm5/operators/index.js",
      "file": "rxjs_operators.js",
      "fileHash": "25c570cb",
      "needsInterop": false
    }
  },
  "chunks": {
    "chunk-ESXVGHFK": {
      "file": "chunk-ESXVGHFK.js"
    },
    "chunk-M3LIL6KD": {
      "file": "chunk-M3LIL6KD.js"
    },
    "chunk-3SF452UL": {
      "file": "chunk-3SF452UL.js"
    },
    "chunk-JGYWSKF5": {
      "file": "chunk-JGYWSKF5.js"
    },
    "chunk-FT7CGOPU": {
      "file": "chunk-FT7CGOPU.js"
    },
    "chunk-VDVN6CTF": {
      "file": "chunk-VDVN6CTF.js"
    },
    "chunk-O5UDY4HH": {
      "file": "chunk-O5UDY4HH.js"
    },
    "chunk-4VZMMS5S": {
      "file": "chunk-4VZMMS5S.js"
    },
    "chunk-CXR7LOLO": {
      "file": "chunk-CXR7LOLO.js"
    },
    "chunk-EUI4FUYL": {
      "file": "chunk-EUI4FUYL.js"
    },
    "chunk-L2BRDOON": {
      "file": "chunk-L2BRDOON.js"
    },
    "chunk-IE27KVD2": {
      "file": "chunk-IE27KVD2.js"
    },
    "chunk-KT3RQDJZ": {
      "file": "chunk-KT3RQDJZ.js"
    },
    "chunk-LMFWYZLC": {
      "file": "chunk-LMFWYZLC.js"
    },
    "chunk-RVQ3RH6Y": {
      "file": "chunk-RVQ3RH6Y.js"
    }
  }
}